year,date,n_universe,corr_model,effn_model,corr_random,effn_random,corr_full,effn_full
2015,2015-01-02,471,0.2486570495814489,3.4937647135483823,0.3826190260360209,2.440124738020464,0.3655801920304282,2.7253365822910376
2015,2015-01-09,471,0.2925009560071819,3.049934365318491,0.35781135861729896,2.5911599376178804,0.3335059672032748,2.9857784787400896
2015,2015-01-16,471,0.3422722556561764,2.6655390166168815,0.3632608924169983,2.561135489979897,0.34753597121694335,2.8659762449594823
2015,2015-01-26,471,0.27077796909932617,3.254794378536366,0.33005304691392257,2.793991336384117,0.3343376022865633,2.978398584244849
2015,2015-02-02,471,0.2665361340658205,3.298051576112496,0.3754483829258524,2.471894384831109,0.3527246800350191,2.8240694726074045
2015,2015-02-09,471,0.23077112577197126,3.714260878313826,0.3628983385505171,2.551450157800881,0.35732115355761984,2.7879565127572494
2015,2015-02-17,471,0.21593687505006512,3.9194163099938293,0.328314802570501,2.835456273294826,0.3596678469114134,2.769873151018736
2015,2015-02-24,471,0.25197590593191604,3.4556983370402894,0.36732450113449716,2.5486154398226604,0.3564927202892567,2.7943968492679505
2015,2015-03-03,471,0.2558574763995511,3.412216935098731,0.32826220109021353,2.821413654525492,0.3529398415278068,2.8223581613734114
2015,2015-03-10,471,0.18719182334361134,4.389194586065465,0.36179122056387186,2.566342329120803,0.35772425426227206,2.784833485779708
2015,2015-03-17,471,0.23924105789691197,3.6064757228645843,0.3748518363491654,2.504019598543855,0.35478414156822935,2.8077739552629866
2015,2015-03-24,471,0.13816254239137477,5.517106981920507,0.3686991368354329,2.523553559604884,0.34667255947372266,2.873070614201686
2015,2015-03-31,471,0.19332389086828247,4.279764868560717,0.372712429220322,2.489550234374113,0.35424998115270356,2.8119824171058383
2015,2015-04-08,471,0.19407914885450991,4.266663182124317,0.3174196912614034,2.872133774026567,0.3275397831106525,3.039813854265381
2015,2015-04-15,471,0.17997536928453373,4.525366017432662,0.326959129277758,2.8445221974717425,0.3208885926857133,3.102406311021402
2015,2015-04-22,471,0.19229848643821532,4.297682186505981,0.2987031152884936,3.0098874056715146,0.31127915567060543,3.197529890314728
2015,2015-04-29,471,0.15054247567922302,5.180935040559061,0.30622198783063104,2.970155500129408,0.2998500997957258,3.3185479012246124
2015,2015-05-06,472,0.14139577016499402,5.425171161503541,0.2874497823602798,3.1106594616758025,0.2945191098364494,3.378221191351704
2015,2015-05-13,472,0.13320849818721364,5.66417962786935,0.2986065798697687,3.025091212284101,0.3011085878770969,3.304809631329629
2015,2015-05-20,472,0.1325139410467778,5.685428299753888,0.31016551022271255,2.9695987480387447,0.3121566305663526,3.18863391451674
2015,2015-05-28,472,0.13054315422189683,5.746598129200871,0.33805810393964153,2.734319147920107,0.3290439985470064,3.026034345790334
2015,2015-06-04,472,0.15128648202003525,5.162032112082665,0.29323217332249113,3.071173730809656,0.31518830984791824,3.158168845225328
2015,2015-06-11,473,0.1488473340478705,5.22452480658481,0.2937872602682081,3.070221302078222,0.30151470952419734,3.3004234620890474
2015,2015-06-18,473,0.12656649308935072,5.874123348445822,0.28734410825270984,3.146475053535954,0.2836078860854477,3.5072649485167804
2015,2015-06-25,473,0.1098807128349544,6.4772428436202,0.2838209403045703,3.194692419108649,0.27781737380068594,3.579813171946328
2015,2015-07-02,473,0.16471521302981876,4.843096920693696,0.28619089553168753,3.124157797334872,0.2941827869732587,3.382091812877352
2015,2015-07-10,473,0.22199927821866672,3.832896236823719,0.308650651938546,2.933767018959755,0.3116806313949889,3.193502096491109
2015,2015-07-17,473,0.20678889282195562,4.057627263446524,0.3163232099075293,2.888886206776874,0.31964585413559027,3.1144475219088927
2015,2015-07-24,473,0.18280545743826673,4.470968523504542,0.29780773962650847,3.0435746801054417,0.32268382467697937,3.0853172019922166
2015,2015-07-31,473,0.24164289474271947,3.5770400529402915,0.3211796181819761,2.8472800698749388,0.3194309651918307,3.116528881422651
2015,2015-08-07,473,0.2038730596931714,4.103752604733609,0.30306655899624435,2.9761098342280095,0.28547121928797115,3.4845409096638056
2015,2015-08-14,473,0.19291350030720592,4.286917832533834,0.27299169108880317,3.3145106420036528,0.27791291681267555,3.5785917877147355
2015,2015-08-21,473,0.2692287452398682,3.2704608174539045,0.3039642390869678,3.0097981562127503,0.309233449370062,3.218602557004503
2015,2015-08-28,473,0.3251626369512967,2.786256471511764,0.4761990574932303,2.0050158559256515,0.4672901226586064,2.1348528512930094
2015,2015-09-04,473,0.3370136923150018,2.7015125207013537,0.5195932559852856,1.846473355739579,0.49864892997844057,2.001165203191188
2015,2015-09-14,473,0.22317588094238808,3.8165449889140697,0.510222826763334,1.9119906671301965,0.5199374779528195,1.9195611387317906
2015,2015-09-21,473,0.3231592263620407,2.8011105223308466,0.5235207114750426,1.850874585611803,0.5224869521220971,1.9102324705378393
2015,2015-09-28,473,0.33320981529171784,2.7281457994501914,0.5258767782667709,1.8372138116388919,0.5103517687782093,1.9554663429299808
2015,2015-10-05,473,0.3953138560253199,2.349910272021298,0.510475138597378,1.8750097005265463,0.5227968246919112,1.9091048058378701
2015,2015-10-12,473,0.3446584526814233,2.6495292988647035,0.49965823405749177,1.9202001672273923,0.5149470595378542,1.9380876300240557
2015,2015-10-19,473,0.24105701019206743,3.584175953283652,0.5040138197124506,1.9123010635667996,0.5150561698759708,1.9376787443031929
2015,2015-10-26,473,0.34099162378688663,2.674211204104313,0.49701816569329893,1.9250002584682293,0.5044739092079794,1.9781551023357993
2015,2015-11-02,473,0.36756095339326467,2.505117292503529,0.48771791823074906,1.9603710672889552,0.49264751327441436,2.0254389456445163
2015,2015-11-09,473,0.2999752741387813,2.9852839493456673,0.4782687357688067,1.9932121746050382,0.4805651860400909,2.076138833662207
2015,2015-11-16,473,0.32195372708737513,2.810125122339248,0.49317218100515625,1.940637950573341,0.4822281148624748,2.0690107357816876
2015,2015-11-23,473,0.3734693376489646,2.4703809307797844,0.41963776134142955,2.245461199639041,0.41836371513995835,2.3832596591113173
2015,2015-12-01,473,0.26314404622645315,3.3334795184648525,0.34123259897185515,2.715084885188781,0.34071482515204654,2.9230478761254917
2015,2015-12-08,473,0.3803851807766335,2.430925721254529,0.31543686018977507,2.9763571512878726,0.3226817073485141,3.085337314747353
2015,2015-12-15,473,0.32932681992655016,2.755880174518256,0.31552649474461997,2.9358934078368315,0.3193232721348357,3.117573015698661
2015,2015-12-22,473,0.2767022892592052,3.1962445425962343,0.3263320941035676,2.868831645141642,0.3275022501233898,3.0402157803945182
2015,2015-12-30,473,0.29700907182502845,3.010609826466067,0.31840986415278894,2.8639522781682887,0.31517615332427573,3.158320439870013
2016,2016-01-04,476,0.1887083905164968,4.361613127265164,0.3064598341218946,2.9898628780529117,0.3079964596721194,3.231537232404253
2016,2016-01-11,476,0.21179513772049746,3.98080644880347,0.33533395298292507,2.750641771330618,0.33600597938283483,2.963833014328647
2016,2016-01-19,476,0.2796206403478692,3.168170196666182,0.37818245490436786,2.4845408673486813,0.3658347156199247,2.723556343310592
2016,2016-01-26,476,0.2763722024193688,3.199451308962345,0.3939573486596205,2.3817831849955162,0.39135227948059353,2.5469209623937408
2016,2016-02-02,476,0.2805275428636655,3.159546024810377,0.4215059525545204,2.2362714038579528,0.41511981981467627,2.4018336961389606
2016,2016-02-09,476,0.3564213482236625,2.573338336012562,0.4089287007422942,2.3057730523742,0.42065634629620907,2.370379052279311
2016,2016-02-17,476,0.33587855596064153,2.7094057126633433,0.4319784208872167,2.1789119579820753,0.41417183146419295,2.4073033950322067
2016,2016-02-24,476,0.32424809274034455,2.7930176606065173,0.4258122155469092,2.2059437360413496,0.41824717479322404,2.383964437181225
2016,2016-03-02,476,0.3303129408078162,2.7487835042536,0.4020363487303409,2.3400215556482444,0.4138212805284768,2.4093323168947114
2016,2016-03-09,476,0.3903658307371979,2.3761574129674674,0.3901528221018392,2.399911148321126,0.4081155431507441,2.442843580205774
2016,2016-03-16,476,0.3566300890922126,2.5720258239419698,0.37736220597401643,2.453277428933968,0.40186986986967865,2.4806112585387674
2016,2016-03-23,476,0.3199787064869649,2.825020188909622,0.3939816184766113,2.3827774815937626,0.38707909101781335,2.5748857897444317
2016,2016-03-31,477,0.38513703782643005,2.404538696046544,0.3558298909723906,2.6497267881472237,0.3769050440998509,2.6440244900878067
2016,2016-04-07,477,0.40330280343187896,2.3087348084044836,0.3716644168942519,2.50582573285921,0.359416638320833,2.7719291583326084
2016,2016-04-14,477,0.3792975795122272,2.437046812725971,0.3362215592494412,2.7447329612763105,0.34007313343443524,2.9286296362447803
2016,2016-04-21,477,0.32523685140125796,2.7857092427017434,0.3346280055291539,2.7665732325568366,0.3294528963498382,3.0224386862672064
2016,2016-04-28,477,0.3186890716972635,2.834831774424464,0.2831995963211123,3.175817822713793,0.29658847820523837,3.3549938954289353
2016,2016-05-05,477,0.28658113607772406,3.1031607375610974,0.29638986159071584,3.050235151846001,0.2958398549515006,3.3634238497318933
2016,2016-05-12,477,0.29994233858864483,2.9855628184403304,0.29060369292767324,3.0960189803978873,0.28291432521841764,3.515956206703435
2016,2016-05-19,477,0.2970602317010945,3.0101693745569422,0.29248439580133095,3.1089132958661807,0.2753677994817153,3.611582343121677
2016,2016-05-26,477,0.2421238812597253,3.5712029836794024,0.28621105766102317,3.154433132402675,0.272116772614669,3.6543999838402734
2016,2016-06-03,477,0.2503694199195043,3.4740201612663837,0.28879564511364486,3.1552160075082942,0.2566132636511758,3.8733908391221172
2016,2016-06-10,477,0.21179051624029716,3.9808760239960095,0.22562610183012438,3.8795179164224307,0.23168294708836856,4.286442834106912
2016,2016-06-17,477,0.2404181884812335,3.5919891292997854,0.2422020913947029,3.615291145736279,0.24418837880042438,4.0687970177878725
2016,2016-06-24,477,0.21008054524399075,4.006787209335771,0.2516080556271679,3.5138814941586816,0.2548835617530415,3.899461726818721
2016,2016-07-01,477,0.3408246528502517,2.6753460585389957,0.33916926999694247,2.765553948102412,0.35516473330472365,2.804918565547259
2016,2016-07-11,479,0.2900802326661971,3.071477385011443,0.3817863405036527,2.4475871270907184,0.35093173778794023,2.8385963900464084
2016,2016-07-18,479,0.25812271262633574,3.3873436586078722,0.3461245469084696,2.8028095566121403,0.35091745546863023,2.8387112360757154
2016,2016-07-25,479,0.27729148088038824,3.190536543571453,0.3693401261309516,2.5868383257079612,0.353913862412672,2.8148185596949697
2016,2016-08-01,479,0.34485013541989484,2.6482515821464,0.3622276620499728,2.600574964499221,0.34106798038185976,2.9201887191908225
2016,2016-08-08,479,0.3447664081279983,2.6488095390068906,0.29907259980189316,3.028870414399754,0.33775584953025245,2.948648648343725
2016,2016-08-15,479,0.3487469378634581,2.6225409055549513,0.34144869508414316,2.801909212303427,0.32400636133513855,3.072974337604028
2016,2016-08-22,479,0.27602075335079795,3.202872687945447,0.3337318732164381,2.7893232838784625,0.32167299633431995,3.0951211716873517
2016,2016-08-29,479,0.2451245013256522,3.5352143875019513,0.3315197464147417,2.88194174927931,0.3230023353883442,3.0824649535773445
2016,2016-09-06,479,0.2766156106703883,3.1970859953867277,0.3048485737056892,3.045148267141374,0.3313326908862287,3.0054519857072743
2016,2016-09-13,479,0.31690781953281094,2.8484962179312183,0.3680485881029062,2.567390506243113,0.37327002684894534,2.6696677993231663
2016,2016-09-20,479,0.36588171870204544,2.5151687768572453,0.3633389816666429,2.5713404118934227,0.38907231254499614,2.5618183700412835
2016,2016-09-27,479,0.2697151421632204,3.26552593840791,0.32564459630527864,2.829211108201318,0.30372405437098715,3.276779852993101
2016,2016-10-04,479,0.2127885180063578,3.9659075971586506,0.3013489562965157,2.9958987719013708,0.29629275687374945,3.3583883174407454
2016,2016-10-11,479,0.2496822132464997,3.4819171540553984,0.27807851676707396,3.2249016645559934,0.277991624115471,3.5778309914899538
2016,2016-10-18,479,0.27969185013190134,3.1674913257358153,0.26906761875633206,3.3372150188876497,0.2907257696649952,3.42223724853809
2016,2016-10-25,479,0.28212064615936905,3.144509580516549,0.3038260488094016,2.974162021047391,0.29196547830310554,3.4078095374023145
2016,2016-11-01,479,0.28469290452129364,3.120531211145127,0.28914263598548456,3.117187642928834,0.2799819767622402,3.552585330058228
2016,2016-11-08,479,0.28453884633198795,3.12195702833435,0.2895692009080724,3.1134772496825724,0.3063930161643123,3.2484296954454845
2016,2016-11-15,479,0.23187354226081106,3.699868650790056,0.26384491330193605,3.369500439239528,0.2592710596397657,3.8340990462971845
2016,2016-11-22,479,0.19383313752504325,4.27092199651708,0.2595287963642432,3.4037400784562477,0.25734104345499464,3.8626222894534608
2016,2016-11-30,479,0.25777656128547205,3.3911210516508303,0.24916919672298907,3.545608078978714,0.2543466980576521,3.907724776313449
2016,2016-12-07,479,0.2759294526584453,3.203762703698373,0.24383834144509323,3.603373795485031,0.24668083275324248,4.028140198706753
2016,2016-12-14,479,0.22665235785312146,3.7690373138048736,0.18243251904700897,4.512464368078057,0.17677933289708359,5.602305035086265
2016,2016-12-21,479,0.19712604850904042,4.214612341042871,0.16823526636344668,4.8392398513391095,0.1707043032319724,5.799266189667208
2016,2016-12-29,479,0.24654479524119458,3.518431499821314,0.17436641089677574,4.66940505655562,0.1667775666326479,5.934116917832936
2017,2017-01-03,483,0.19275395497531256,4.289705110648635,0.18094870810612593,4.532822001875225,0.1654330279297988,5.982259852738322
2017,2017-01-10,483,0.21344326718657097,3.956148408021569,0.15354736396305152,5.141181808101832,0.15523044303863545,6.370260633618494
2017,2017-01-18,483,0.19871543154698643,4.187961403945205,0.14951589967092402,5.369862561681247,0.15497723542673433,6.380531112571249
2017,2017-01-25,483,0.1825967224256406,4.4749359358684355,0.175250853763994,4.7080692815933265,0.16202467262123083,6.106511811735209
2017,2017-02-01,483,0.24252404849476752,3.5663612043234125,0.1474439285747325,5.3379741191652,0.15656547152149886,6.316652017918113
2017,2017-02-08,483,0.13201213751675653,5.700879505162515,0.14809494725737857,5.282114387293815,0.1426611365150019,6.923473760824285
2017,2017-02-15,483,0.18073312608374908,4.510671735072394,0.1646551721400834,4.992594147242395,0.15047426424552524,6.568872934312675
2017,2017-02-23,483,0.14698638336168318,5.273230759252356,0.14359920922705668,5.516231783409507,0.1502760468765192,6.577419428719946
2017,2017-03-02,483,0.12560640316324156,5.9057646775541475,0.14452810184491882,5.523086796877957,0.15873711236822546,6.2313504452891095
2017,2017-03-09,483,0.13798259905117433,5.522315233840663,0.1580896505292723,5.157794306176219,0.15618392217943852,6.331880980226043
2017,2017-03-16,483,0.12773372604668942,5.836108995474754,0.16305315254436198,5.056679979421727,0.16203136675026134,6.106262718075271
2017,2017-03-23,483,0.1290620938552962,5.793441030225742,0.18913914044889987,4.460793317050559,0.17451205740338105,5.674687995334563
2017,2017-03-30,483,0.09981398998962071,6.904966712298842,0.15136166274655857,5.196209145688522,0.15935389716337,6.207541761188868
2017,2017-04-06,483,0.11244222357020131,6.376733090856927,0.1495588767302082,5.341818935543711,0.15387813655140378,6.425498778621454
2017,2017-04-13,483,0.14540046878167517,5.315460760107003,0.15403317779456416,5.29238702900384,0.15768345412141666,6.272448280213247
2017,2017-04-21,483,0.16636850295838165,4.806535092531992,0.17284264729401286,4.735957583773368,0.1726038520752589,5.736678837564386
2017,2017-04-28,483,0.14625625339898127,5.292589126891794,0.16442113734427766,5.0571660344360465,0.16993004228469244,5.8258553848883
2017,2017-05-05,483,0.16147044942796263,4.916495125875478,0.16739279937014867,4.949584064388903,0.16832011066923377,5.880899487176751
2017,2017-05-12,483,0.18017692225506196,4.521448201034936,0.157261360828259,5.382743730760798,0.17008369502282933,5.8206557622384025
2017,2017-05-19,483,0.20694053895206874,4.0552567335262735,0.18933357044169405,4.469039039289412,0.19203722394346026,5.162355440483275
2017,2017-05-26,483,0.19379801694642548,4.271530678486488,0.18583758323876093,4.5586539268302975,0.2035171605362681,4.874097353800523
2017,2017-06-05,483,0.2329275803625295,3.6862119271230203,0.21274443468238996,4.127611887375235,0.19646358142213455,5.047262110686587
2017,2017-06-12,483,0.17597602992113429,4.604534311685366,0.17036002028859282,4.797378496751595,0.18403728804369948,5.384256864114209
2017,2017-06-19,483,0.13332181319403041,5.660728028811371,0.15034083397794118,5.234482094022667,0.15661556273458718,6.314658141424874
2017,2017-06-26,483,0.12691096933341128,5.862853062000648,0.16089636587307574,4.987858696714905,0.15964805414954528,6.196250883092424
2017,2017-07-03,483,0.18827068598382257,4.369537908861222,0.16805451053611573,4.8208484746651825,0.181935468496516,5.44575747087702
2017,2017-07-11,484,0.13981786777538477,5.469652404165195,0.1841952068677008,4.579833658591202,0.19109781422296307,5.18755340662306
2017,2017-07-18,484,0.1385889122266637,5.5048053296200115,0.18584891148306387,4.504994419499405,0.18242399399087372,5.4314410735375125
2017,2017-07-25,484,0.12266555850227263,6.004841803248304,0.17863339328537578,4.6528593625151355,0.1738676818488348,5.695585745730962
2017,2017-08-01,484,0.15913527073036868,4.97070991304467,0.1572814404257725,5.062396302238985,0.1661078618009183,5.958382624008643
2017,2017-08-08,484,0.16022921248686067,4.9451642637184134,0.14896825873082367,5.413782956141749,0.15915613176712368,6.215294862262951
2017,2017-08-15,484,0.15829016475525332,4.990626193719848,0.14498681127670293,5.446222559863896,0.15898419623551927,6.2219300660706
2017,2017-08-22,484,0.1589520872224757,4.9750134214159605,0.1461054517533302,5.351321660112339,0.17425256533552538,5.683153235996571
2017,2017-08-29,484,0.15874481862717837,4.9798917524655675,0.17712329800291854,4.7373081442964775,0.1787064952535234,5.543133311887672
2017,2017-09-06,484,0.16527447151092786,4.830667054602164,0.15892440514960207,5.1130215629758355,0.17738446689861348,5.58396909310975
2017,2017-09-13,484,0.15433843489435586,5.085913458711681,0.1746528253176312,4.681963303046151,0.18299648235345978,5.414639380666018
2017,2017-09-20,484,0.14236710652004908,5.398147051218217,0.19058572719446604,4.360119590092365,0.1748258408192047,5.664735588865555
2017,2017-09-27,484,0.15453887886115497,5.080992676669468,0.15151922500716686,5.236597857578019,0.15052331023055995,6.566918357042413
2017,2017-10-04,484,0.14092402147896482,5.438393808439541,0.15648652362144805,5.173424648814902,0.13850283627628068,7.128458212580142
2017,2017-10-11,484,0.12946504750885124,5.780620978173069,0.1327490432353965,5.8349793920335316,0.13187556227379255,7.481154533729368
2017,2017-10-18,484,0.1153297251040726,6.267107682284855,0.13623836248221183,6.011892102643517,0.12765424724369553,7.724595640408541
2017,2017-10-25,484,0.11642082389524894,6.226658487234496,0.13816261626917825,5.6373018726731265,0.13558179225203984,7.2797274435705175
2017,2017-11-01,484,0.11413936570894584,6.311840357543443,0.14020946678230803,5.707842964896907,0.137768021510981,7.165916419988359
2017,2017-11-08,484,0.09132962799488716,7.311911321843742,0.11951899284189102,6.246736440201818,0.10849093770306195,9.063479822521076
2017,2017-11-15,484,0.09847366928574508,6.966214550823873,0.08587708789719734,8.135121759977533,0.07140742952720666,13.637725694621482
2017,2017-11-22,484,0.09023145769548367,7.368117069909944,0.07776646483288278,8.209372957368197,0.07412210903237684,13.151824152203273
2017,2017-11-30,484,0.13874026410680426,5.500451697324116,0.0803144911719615,8.143200432942688,0.07436043525036172,13.110814201556641
2017,2017-12-07,484,0.2139776391016461,3.948218995015575,0.07046207875745328,8.854133829242057,0.07729149658788545,12.626594374789201
2017,2017-12-14,484,0.19740214051529692,4.209958485637557,0.06846560615520449,8.900410185347734,0.07249830828755881,13.43821698697165
2017,2017-12-21,484,0.13619929036393036,5.574467685217524,0.10299439123134715,6.888402269500901,0.08577488792759462,11.4072193579292
2017,2017-12-29,484,0.10977973294354214,6.481270095610129,0.08921808336112283,7.667090719391173,0.08800926629048894,11.12426930895178
2018,2018-01-02,488,0.13915925720441813,5.488435214466127,0.09048380864937274,7.480816910629628,0.09180799228660373,10.67588590819828
2018,2018-01-09,488,0.1516777051012305,5.152147558291965,0.09132949691657224,7.465354425542432,0.09152718942482867,10.707920539684926
2018,2018-01-17,488,0.17947435458007166,4.535134293854337,0.10463126484904053,6.829145566861184,0.10245487768422512,9.588269221228801
2018,2018-01-24,488,0.1582051405635625,4.992638765150177,0.11074534981457215,6.566637381731087,0.11057730453340446,8.896805699648326
2018,2018-01-31,488,0.14671203126419072,5.280488187357663,0.13623744259376552,5.710776679836238,0.1327080723470117,7.4357563715786466
2018,2018-02-07,489,0.25462925145736276,3.425856714508053,0.2677078373649492,3.306456120634832,0.2687571931415973,3.7002422339253087
2018,2018-02-14,489,0.24222389145124323,3.569991689570243,0.3246642872963759,2.823575117714417,0.33475181533996357,2.97519660932396
2018,2018-02-22,489,0.28240122895173564,3.141876121171903,0.3553743084574022,2.605057529599711,0.33864760690248674,2.941175901521938
2018,2018-03-01,489,0.16277798095913662,4.8866521031111425,0.3592679899994549,2.566594410837765,0.3597191327623311,2.7698644244666815
2018,2018-03-08,489,0.27567398228817785,3.2062557057696224,0.35948103261217834,2.5861724163474706,0.3678635682464545,2.7088798214980576
2018,2018-03-15,489,0.23135437113795065,3.706632594433358,0.36666639644475835,2.5276533276831867,0.3731510223884645,2.670705327644663
2018,2018-03-22,489,0.23265173020290564,3.6897762511331877,0.3692680046929607,2.5034421206485624,0.37890560281792723,2.6303625119319536
2018,2018-03-29,489,0.288098466973703,3.089341816339865,0.3929670122392389,2.3748036534977364,0.40524197002260076,2.46027732118809
2018,2018-04-06,489,0.3348760110775945,2.716415383965921,0.43725843271682335,2.165507137016346,0.4328711782481458,2.303983155924701
2018,2018-04-13,489,0.3235197258133453,2.798425967489315,0.4439879630241642,2.1328016130340783,0.4486018299331165,2.2235591566688213
2018,2018-04-20,489,0.3847602125240818,2.4066102736088415,0.45411993531308753,2.097675659872371,0.44512103320522056,2.2408674594192752
2018,2018-04-27,489,0.3347224749127199,2.717492094009625,0.43513937007641257,2.187804046446605,0.4433004368404137,2.25002816146854
2018,2018-05-04,490,0.2901179143273054,3.0711397087429297,0.37048494699149787,2.5134571533133085,0.39425602990282027,2.528494603898702
2018,2018-05-11,490,0.2369883166138035,3.6345278590332115,0.3675367954349178,2.5233154605073373,0.35499051080360117,2.8065696216511333
2018,2018-05-18,491,0.161800957900242,4.9089172493232045,0.3526617536716704,2.624634112838863,0.35010650486123795,2.8455159418697726
2018,2018-05-25,491,0.17890598898031837,4.546266890374021,0.3236964086268822,2.836719080567142,0.3376931814241482,2.9494864304452095
2018,2018-06-04,491,0.14724089231322626,5.2665160555049235,0.329444980489244,2.7640073544007704,0.333250956436614,2.9885636860955365
2018,2018-06-11,491,0.20258811143693595,4.1244136663685245,0.33859445723977466,2.713509086342063,0.3261991015506259,3.0527695193414695
2018,2018-06-18,491,0.17770780719267038,4.569915708238464,0.33169412316901625,2.7709899708538694,0.31834336059939594,3.1276226745686144
2018,2018-06-25,491,0.19787181268045875,4.202065178068578,0.24778024710254823,3.5387328410365093,0.2517345052392418,3.948535303370017
2018,2018-07-02,491,0.19187826174625616,4.305068360280581,0.20840768002997515,4.067730161892355,0.21687140802705548,4.577363458278321
2018,2018-07-10,491,0.17068278888766517,4.713676012664651,0.1807067745426404,4.628608383894056,0.17858717241905245,5.547539023633367
2018,2018-07-17,491,0.17549040692550796,4.6143363820002845,0.17739160487064867,4.661019027867786,0.17373804037482327,5.70057648075949
2018,2018-07-24,491,0.11327541699163372,6.344708811040024,0.1878992436827658,4.501380487180885,0.16289975042683216,6.07516292717056
2018,2018-07-31,491,0.17310925019394793,4.663009270194578,0.1840246541143138,4.531280862172313,0.15769147837839942,6.273251243135139
2018,2018-08-07,491,0.18495131901447118,4.430586494135792,0.1526213108909094,5.206075800030664,0.1521377606093211,6.499222111405559
2018,2018-08-14,491,0.187877404447723,4.376682999895179,0.13537718476368465,5.691246182279288,0.1498649147540083,6.59646485487278
2018,2018-08-21,491,0.18089099748111404,4.507622325200503,0.15012246028617493,5.288087956534445,0.15899091814113722,6.222629468899632
2018,2018-08-28,491,0.14915073714185478,5.216669128140647,0.1266767562752553,6.121547300191381,0.14176012992065087,6.968249114328555
2018,2018-09-05,491,0.1459044599174322,5.30196726481579,0.15281654970367062,5.244880750213002,0.136551055067555,7.230155753343069
2018,2018-09-12,491,0.16772409177189412,4.776966145284465,0.11618723753655673,6.423529326165668,0.13195240014462284,7.4782951160983115
2018,2018-09-19,491,0.1849708364628358,4.430222551105268,0.13543517695287313,5.6909831526274095,0.1317867983758116,7.487548952846973
2018,2018-09-26,491,0.1468126215799003,5.2778249563764525,0.11873532854140426,6.303189530883529,0.12441305707249976,7.924160718782806
2018,2018-10-03,491,0.13492882188080818,5.6122271774823105,0.11504664922089987,6.397965581489432,0.12078264260946389,8.158382975101784
2018,2018-10-10,491,0.1642247581109092,4.854050350691323,0.10706825427924938,6.719342721167116,0.1120125854817901,8.78571616838374
2018,2018-10-17,491,0.21800660569041153,3.8894422099239336,0.23710514060920396,3.6632046988369082,0.23868574144647167,4.162568623904905
2018,2018-10-24,491,0.22264766945716766,3.8238682539574347,0.2329046441037586,3.783726147607253,0.24392254900500415,4.073943349148264
2018,2018-10-31,491,0.26759009840952513,3.287196505982289,0.2658374529760869,3.3562534258480072,0.27944717311358674,3.5597995435599246
2018,2018-11-07,491,0.27538464254098716,3.209083911067296,0.2913786833724036,3.116818840357266,0.2721252202032968,3.654868520585391
2018,2018-11-14,491,0.34195654821248017,2.667671697382179,0.2974980283006759,3.0179933023578855,0.27815564261049563,3.576207993948053
2018,2018-11-21,491,0.3216421862626325,2.8124642355222207,0.2713569910441257,3.3299392605993097,0.2830742438322744,3.514513809857705
2018,2018-11-29,491,0.30154891542452344,2.972020186526981,0.2809648033356562,3.2395299486053872,0.2929384124142573,3.3969877153861265
2018,2018-12-07,491,0.33958826369110845,2.6837795147391788,0.32992750642793284,2.7848770860889394,0.31699364433459754,3.1408544840266575
2018,2018-12-14,491,0.3560605429672034,2.5756101537171254,0.3441934285135587,2.6822685218893083,0.32316805847869867,3.0812222357912664
2018,2018-12-21,491,0.3616915337621546,2.5406055000493195,0.33994629895244033,2.7356256585992416,0.33972697586018485,2.931934603653621
2018,2018-12-31,491,0.3857122910926972,2.401383139796515,0.4211764965397603,2.272828813895349,0.41373975306596,2.4100231951450795
2019,2019-01-02,491,0.400197498372729,2.3245671085809723,0.4382546631156625,2.1644382488218588,0.4199423768925978,2.374598876041465
2019,2019-01-09,492,0.38697670522980476,2.394476211742933,0.42737595005696616,2.224575309548478,0.4214133507056726,2.3663635254066735
2019,2019-01-16,492,0.3782386888461634,2.4430360078866658,0.3957490197079598,2.356673391837166,0.4170251105339288,2.3911430978141883
2019,2019-01-24,492,0.3990803186918553,2.3303162578819014,0.42835054991483335,2.2021995083983184,0.432733463600659,2.3047505009332734
2019,2019-01-31,493,0.2809421283425061,3.1556191508602174,0.39977141032407715,2.3659211192070093,0.43750025380336016,2.2797674696997876
2019,2019-02-07,493,0.3081802554645745,2.917397597733912,0.45418881439796366,2.092574941273466,0.43511838806486464,2.2921890383700037
2019,2019-02-14,493,0.2915037429040995,3.0587722680838154,0.4330761931683993,2.1967175073081564,0.4332041952773994,2.302270200109035
2019,2019-02-22,493,0.27627959587317713,3.2003521300900943,0.4281964793712093,2.2059651019410715,0.42879170670752353,2.3258499811550424
2019,2019-03-01,493,0.261068671809592,3.3555331129234442,0.42094981952529686,2.269686911311023,0.42375813338961843,2.3533455034368282
2019,2019-03-08,493,0.2499928435904584,3.478343122871366,0.39399638193798675,2.4053365283919113,0.4013764476812112,2.4839123564285024
2019,2019-03-15,493,0.27286602260987325,3.2339150086248907,0.3677630328492071,2.5889521034649383,0.39252197836085245,2.5396555448288365
2019,2019-03-22,493,0.20654612968793726,4.061427907862817,0.3428274183146104,2.691729781052455,0.3363106690392582,2.961586199525415
2019,2019-03-29,493,0.21010230377510092,4.006455383827607,0.26281456068025466,3.52535126199406,0.2699017767430962,3.684833178926052
2019,2019-04-05,493,0.15199897709214957,5.1440586358182285,0.19588290650689993,4.308873697464006,0.20794336049491657,4.772131524875541
2019,2019-04-12,493,0.14830017284640482,5.238751812743559,0.18576095909454715,4.60824864978259,0.20656315499403746,4.803707070109025
2019,2019-04-22,493,0.14137310872827055,5.4258048687322855,0.18693169053199007,4.479712887945316,0.18363948687190726,5.396788322870014
2019,2019-04-29,493,0.12949893359728135,5.779545471214292,0.18877816872820546,4.497892596801858,0.1886435737913484,5.255155476977131
2019,2019-05-06,493,0.14699782242948362,5.2729285951233935,0.17352148215782617,4.732547020685265,0.19177662914630147,5.170202351424743
2019,2019-05-13,493,0.13448100002766103,5.625659080290076,0.23969908340045337,3.629615613635525,0.2128854153033506,4.662395985680005
2019,2019-05-20,493,0.22475952129364302,3.7947561332457633,0.24663445299616135,3.565050432703579,0.23971193343007227,4.145007278386573
2019,2019-05-28,493,0.22619294282181412,3.7752475007157424,0.26643621327012895,3.42082801354427,0.25296320992430643,3.9296050931704967
2019,2019-06-04,493,0.20534111054654844,4.080399289600732,0.2865085278425533,3.124099195729981,0.25840340591895755,3.8475203278436694
2019,2019-06-11,493,0.21920575022519798,3.8722848776929464,0.27433054220006337,3.267308314152938,0.2632582039918185,3.7771110275524635
2019,2019-06-18,493,0.21167347088423194,3.982638922782759,0.23760699335193394,3.703362608177393,0.25975152240960164,3.8277066465059226
2019,2019-06-25,494,0.2515306208922487,3.4607573837328065,0.23126606842702513,3.802061196988732,0.23925119633727512,4.152976144215242
2019,2019-07-02,494,0.18995650180830576,4.3391727065417545,0.2478087452562523,3.5762358448138585,0.24335853216843611,4.083462793436707
2019,2019-07-10,494,0.22479088446105625,3.794327128433258,0.25863436964915315,3.447100948819255,0.24678927837544223,4.027159219194921
2019,2019-07-17,494,0.1936614484489076,4.273899225144221,0.2643850999580303,3.3899672906760285,0.25161576513579914,3.9505281213361823
2019,2019-07-24,494,0.20946496712073315,4.016197827627454,0.23133574159280318,3.757489896424937,0.25517239991164037,3.8958992638945222
2019,2019-07-31,494,0.24700010544812945,3.51308500992155,0.2487452734806518,3.549382536326026,0.24355271096020542,4.080234035833066
2019,2019-08-07,494,0.2837218908701236,3.129539824633099,0.28066498998725725,3.198209214557456,0.27521825690263,3.6142127647552167
2019,2019-08-14,494,0.2528605037860598,3.4456918474901777,0.3100150729057981,2.9460097929068674,0.28016170294503984,3.550898475005133
2019,2019-08-21,494,0.2612564373744146,3.35352585703132,0.3582544050595896,2.5746388915440757,0.3233544291141869,3.0795368267884546
2019,2019-08-28,494,0.25082297526692643,3.4688277514003514,0.3619130284664277,2.59389455611735,0.3457376682377634,2.8813288474545047
2019,2019-09-05,494,0.22105213786462238,3.8461607844593915,0.3513226983005079,2.629419795283937,0.3472501440406021,2.8688518709367044
2019,2019-09-12,494,0.20909026891915572,4.021947680440501,0.35521380286769705,2.6323048620488416,0.33180784361324134,3.001556673495348
2019,2019-09-19,494,0.2173207880639632,3.8993233902749327,0.3464794819254367,2.6599201551107243,0.3232989767465817,3.0800617368380117
2019,2019-09-26,494,0.2261340888623448,3.7760445438564547,0.30090449798028696,3.0526485295388435,0.3222309456549561,3.0902067080403635
2019,2019-10-03,494,0.2628150685498757,3.3369559870074847,0.324760934549345,2.813272047535929,0.33153416852846257,3.0040193337593735
2019,2019-10-10,494,0.24687018044459294,3.5146089995744485,0.34292304042487926,2.7562491848650366,0.3535592708694344,2.81795035799472
2019,2019-10-17,494,0.23816660737387352,3.619801045748396,0.3746179808527739,2.506843854603923,0.3579758131397581,2.7833796599260454
2019,2019-10-24,494,0.21626749394256498,3.914597278579071,0.37409832892493267,2.503917762400314,0.36036313564630884,2.765043621974172
2019,2019-10-31,494,0.20829515565945733,4.03420362629193,0.33752163173833494,2.7525513566360673,0.3541753963047623,2.813076151372198
2019,2019-11-07,494,0.14289976177568872,5.383441728854476,0.2814842271568011,3.213879851147927,0.2951571757724166,3.371726246028553
2019,2019-11-14,494,0.1165023246109984,6.223658041358416,0.24239850295768176,3.6442992029395804,0.22911979521078807,4.335004247832826
2019,2019-11-21,494,0.11883166122189416,6.1391093385862,0.17908950972203003,4.623632751538311,0.18101015994565461,5.474411573105534
2019,2019-11-29,494,0.1306627609348933,5.742848249561452,0.16439376392437638,5.082686610487842,0.17038859708950166,5.811656789218934
2019,2019-12-06,494,0.13078478530386253,5.739027612092164,0.1993908372038983,4.3113107227939995,0.17916336865755358,5.530209338155306
2019,2019-12-13,494,0.08652400533071852,7.564422113623564,0.16024790175082365,5.04726045991062,0.1898280501462069,5.222802827400474
2019,2019-12-20,494,0.08146177872333263,7.849990463601948,0.2058022782633862,4.130953812442171,0.19070629675962245,5.199003744875385
2019,2019-12-30,494,0.06871833957041047,8.674349285147217,0.20458107432607203,4.16838204620353,0.1794377569589824,5.521847311909613
2020,2020-01-02,496,0.04596345164666868,10.676314745329876,0.13935975054577981,5.664850096590849,0.14227543470501913,6.94421691993588
2020,2020-01-09,496,0.07527445459827094,8.229725758572359,0.09429637758534026,7.328753290205841,0.09707291766317855,10.111904895333073
2020,2020-01-16,496,0.07504915187301033,8.244247759109482,0.08706191549980322,7.956660861085062,0.09781837342971572,10.036403238974977
2020,2020-01-24,496,0.09179663551340034,7.288268312929232,0.10846363702759587,6.736505615011876,0.11271943954680651,8.732990519540861
2020,2020-01-31,496,0.15818372256240887,4.993145997509811,0.13729020438868336,5.907990256705391,0.14555710449878081,6.789798686909307
2020,2020-02-07,496,0.13580341360534476,5.586178897493804,0.20263488035905972,4.258155108681969,0.19211981209199444,5.161327542920231
2020,2020-02-14,496,0.09683467206526152,7.042603743760327,0.1902359855195515,4.450294664026856,0.19271130667921071,5.145650073337227
2020,2020-02-24,496,0.11599580915623799,6.242352388810178,0.1963267701525991,4.408433595681738,0.19009669980933933,5.215679580910896
2020,2020-03-02,496,0.18491984723830057,4.431173476199789,0.35070278043227937,2.654777522839486,0.3621759972119708,2.751319767017723
2020,2020-03-09,496,0.33183399849595896,2.7379085169270656,0.45400768689383597,2.113775528719811,0.4719237521380209,2.11421665627089
2020,2020-03-16,498,0.6501842703699465,1.4977345487724123,0.6603153181516732,1.4823118191739266,0.6821252915404891,1.464635795671996
2020,2020-03-23,499,0.5719594464581857,1.6853133268507703,0.6460748362811677,1.5111943887143258,0.6374973906500209,1.5668483744437556
2020,2020-03-30,499,0.5382363385158279,1.7815006498689012,0.6557681357959562,1.4934126984160745,0.6391528064606357,1.56280292217066
2020,2020-04-06,499,0.4099472584340357,2.275572278459976,0.6817906924894788,1.4378338379886546,0.6315733576868944,1.5814985228976586
2020,2020-04-14,499,0.5436754692311253,1.7652509427195,0.6169362393099381,1.5880586905017497,0.6389583139472271,1.5632771334458013
2020,2020-04-21,499,0.5249115597411835,1.8226025182077603,0.6428634223660132,1.5221163610673645,0.6366380898726866,1.5689565748692205
2020,2020-04-28,499,0.46943800760881693,2.0162668082065793,0.6407247053438625,1.5309708039350685,0.6352476172934577,1.5723799907264755
2020,2020-05-05,499,0.45806038014434997,2.0611869057415877,0.6116572389352043,1.5973256030284755,0.6321174326952844,1.580141608738166
2020,2020-05-12,500,0.39867339870584034,2.3324173919398477,0.6469780632957489,1.5125313213327627,0.6285042706776424,1.5892003989099797
2020,2020-05-19,500,0.4960177865910428,1.9185870704769332,0.6243485579277782,1.569323973722959,0.6286642904800808,1.5887971702484551
2020,2020-05-27,501,0.3919776985236118,2.3675429917588127,0.5947788020964399,1.6365706577399937,0.6220517265074925,1.605636131491369
2020,2020-06-03,501,0.3663523321932264,2.5123436746814507,0.6280221999015653,1.5559301868807556,0.6138005603045763,1.6271501921083162
2020,2020-06-10,501,0.37719569569744216,2.4489641329001626,0.5759117439395319,1.6841103675645297,0.5613623624996567,1.7786065713621588
2020,2020-06-17,502,0.450973511862502,2.0901924904186004,0.5403636742425768,1.7909067866087764,0.5341808409322025,1.8687789486050175
2020,2020-06-24,502,0.5470207829059041,1.7554030400115965,0.5102555961730797,1.8809398154938528,0.5002836936155042,1.9948964785818
2020,2020-07-01,502,0.40652403787840696,2.2925377374764535,0.48780904928773533,1.958362767233697,0.50430706641577,1.9790438941573687
2020,2020-07-09,502,0.5207371196550303,1.8358720689029338,0.4347175056723878,2.194798642570059,0.4579964452384115,2.1782879283445244
2020,2020-07-16,502,0.4556649143255774,2.0709007299448845,0.4171747279277964,2.2983987407378743,0.4416086284598065,2.2587590968763185
2020,2020-07-23,502,0.4267105538389422,2.1959921879361035,0.42589272804807604,2.231431101638252,0.4223925527916298,2.3610344401193752
2020,2020-07-30,502,0.38295822158069764,2.416566176873889,0.4150551918603738,2.314486080476874,0.40929814540699816,2.4362028969359146
2020,2020-08-06,502,0.4085131342245363,2.2826491313475614,0.413358895998417,2.3365557090128486,0.4033397103296513,2.472015079629874
2020,2020-08-13,502,0.4005791239490205,2.3226097093916525,0.39439832805811664,2.394512301761346,0.3857986860061905,2.5838311444490665
2020,2020-08-20,502,0.3501350694458115,2.61350234222917,0.38035870285248224,2.4549843674405456,0.3635963937398222,2.7407462607520974
2020,2020-08-27,502,0.41550412252133734,2.248560781937575,0.3648591904747079,2.5485838498024,0.36734474471443873,2.7129310823765507
2020,2020-09-03,502,0.5063035206901321,1.883280509007319,0.3759600743344391,2.4962981365558563,0.36672066241459533,2.7175229340749723
2020,2020-09-11,502,0.29831469014337797,2.9994095155209726,0.30817530699820417,2.981871913529603,0.2983189891576752,3.336483417480575
2020,2020-09-18,502,0.32664018362256775,2.7754019223966546,0.3009442200660926,3.015856529933621,0.29574217941901243,3.3653594009009087
2020,2020-09-25,502,0.35862993642521945,2.559518796680314,0.2731458442359421,3.2633492226573737,0.27774426759061865,3.5818796772316848
2020,2020-10-02,502,0.30168062357584363,2.9709154001784834,0.3143079218019262,2.9388386064685954,0.28574245599584214,3.4823151348097725
2020,2020-10-09,502,0.2697071855729778,3.2656065444493745,0.30385421363168813,2.9810840334571953,0.294261928209057,3.3821744013330717
2020,2020-10-16,502,0.2375352229342094,3.6276775017735003,0.27336193180311674,3.287414603744177,0.2887335568613911,3.446488177137332
2020,2020-10-23,502,0.23344089054900044,3.6795976236389625,0.28407030476332845,3.155777726479043,0.29422975911007393,3.3825416938348747
2020,2020-10-30,502,0.36210753500212806,2.5380571630279105,0.33695116508166223,2.7093722219213774,0.33981477087420875,2.931434787782366
2020,2020-11-06,502,0.2713059210374365,3.2494897287184865,0.34011928234321426,2.6910808419979526,0.35395683307635917,2.814968423904314
2020,2020-11-13,502,0.31028271061208473,2.900496368509416,0.32180349638587746,2.8991057330329943,0.3197609908101885,3.1141389674163955
2020,2020-11-20,502,0.3084492476269163,2.9152242419906274,0.33136588118118665,2.8278564545080065,0.32847030918936726,3.0320669790327646
2020,2020-11-30,502,0.4840578411819176,1.9613421458798168,0.35710487354761344,2.61818722085275,0.33467312785019226,2.9762039383301664
2020,2020-12-07,502,0.34200656520646183,2.6673335929155693,0.30315827704818665,2.990853715022266,0.2998172937550308,3.319919971089686
2020,2020-12-14,502,0.3404111855213587,2.6781604296168697,0.260491033067204,3.403327173226913,0.28679325381302334,3.469644271912638
2020,2020-12-21,502,0.3364286332759748,2.7055749878198716,0.2856832151338521,3.153590410633825,0.2803096366331527,3.549330405145707
2020,2020-12-29,502,0.45296202384255846,2.0819717123373787,0.2938308509135591,3.141938346760518,0.25843725178509946,3.847419522653444
2021,2021-01-04,503,0.46113377524740146,2.048856682049278,0.26741204378699285,3.4679915653539495,0.2561389055879846,3.8817200360799804
2021,2021-01-11,503,0.4180424743809896,2.236434261680062,0.22553891032968973,3.9112426868575256,0.2561132316844439,3.8821061533733854
2021,2021-01-19,503,0.3614646608474997,2.5419974339028366,0.23381121367863997,3.7813425981691795,0.2450317679398468,4.056257059577414
2021,2021-01-26,503,0.3387733923714948,2.689366911719239,0.16233691813278966,5.165166230706189,0.19516117513381528,5.082301460307279
2021,2021-02-02,503,0.5521094926500015,1.7406318644224632,0.23915145307025704,3.9237771877955354,0.21794747294614478,4.5557619705412895
2021,2021-02-09,503,0.3464210235543503,2.637826623227786,0.24852009493100763,3.575933702435772,0.2444136012998527,4.066433136987614
2021,2021-02-17,503,0.30709083444222074,2.926232950092381,0.20856789761311414,4.250810092385047,0.20967704568414777,4.7337667052680645
2021,2021-02-24,503,0.25385524436434503,3.434508431955608,0.21176445635781943,4.15688987606727,0.19214382961659693,5.161292839904968
2021,2021-03-03,503,0.2721130073271952,3.2414137862098005,0.20175071377691545,4.185465588755172,0.22536549057577104,4.4071206489349475
2021,2021-03-10,503,0.1788093860181082,4.548164492419855,0.23534501177286185,3.7337860449138427,0.23662409375591154,4.199179871995889
2021,2021-03-17,503,0.20525322234165785,4.08178990652351,0.22411091329424782,3.896294913985426,0.23251940900994197,4.272678672315843
2021,2021-03-24,505,0.2948640398678095,3.029193814116057,0.23956664731582117,3.662448906209357,0.23137574854735238,4.293729265590747
2021,2021-03-31,505,0.2698851476662269,3.2638046094536914,0.24470139331501534,3.590764853376764,0.2360075615349749,4.210164368423753
2021,2021-04-08,505,0.22841716913937404,3.745370104343912,0.24861420578715904,3.5447169872837927,0.2274499289486472,4.3671987705160715
2021,2021-04-15,505,0.255273722636853,3.41868611398184,0.2421234757290324,3.6128765976158568,0.2340365043393532,4.245324323409884
2021,2021-04-22,505,0.2711136864766412,3.251419221741314,0.21501526012454045,4.008736843709373,0.2387758658265246,4.161755095964589
2021,2021-04-29,505,0.19860489743552945,4.189803941299915,0.23862539630881457,3.663155949310842,0.20973838553436214,4.7325346514420685
2021,2021-05-06,505,0.20541646346079745,4.079207767375251,0.21410906497296106,3.9982634624947644,0.2043878825298889,4.85523269043943
2021,2021-05-13,505,0.20364726582334633,4.10736820625646,0.23341699864927712,3.721428909812013,0.23839636955897123,4.168325389928128
2021,2021-05-20,505,0.23013272928413478,3.7226465586511144,0.2503266287144237,3.5808229993581593,0.26152194824383324,3.8025086371056385
2021,2021-05-27,505,0.18953830401037697,4.346665927616751,0.2588282020164028,3.4269385839219297,0.25426784211504627,3.9101519122233337
2021,2021-06-04,505,0.2371835567178539,3.632079382366377,0.2224800911695352,3.8857425642669554,0.2144464194852619,4.629587381861755
2021,2021-06-11,505,0.2395358143938867,3.6028372875883576,0.24383117672717725,3.637742212426249,0.21694418961173748,4.5767680607244685
2021,2021-06-18,505,0.24231473474517778,3.5688921341957776,0.20454318770186358,4.176272534833265,0.2248758518836548,4.416751389931592
2021,2021-06-25,505,0.24056191130812288,3.5902283438493003,0.24292350648177236,3.626080192867891,0.24406287196558885,4.072328178198592
2021,2021-07-02,505,0.26880445546328546,3.2747777668342195,0.23571544421801197,3.715986174579932,0.24042304695033845,4.133475551573455
2021,2021-07-12,505,0.30314408393271536,2.958694730342373,0.2631067432114078,3.4005236754650445,0.25975271945733003,3.828211964066137
2021,2021-07-19,505,0.3012396659678776,2.9746174465220507,0.2448942569551587,3.7341366714523003,0.26059928235157626,3.815869896422615
2021,2021-07-26,505,0.25255487585783204,3.4491425237704596,0.24853643061963981,3.5345882557636243,0.2846873822601314,3.4952344222333815
2021,2021-08-02,505,0.2722268325103115,3.2402780467468277,0.30114489262360766,3.0057650561837885,0.2868589350598859,3.4689568788446374
2021,2021-08-09,505,0.2660049474525979,3.3035496301703335,0.2883992241574381,3.1507690903645846,0.2846853442088252,3.495259271294044
2021,2021-08-16,505,0.2234002513031315,3.8134427395279067,0.2477903969035069,3.5386368358125564,0.22866712107803727,4.34415220122319
2021,2021-08-23,505,0.2245764046247236,3.7972628543492726,0.21443094465696505,4.244464575802114,0.23116371148661047,4.297634211650162
2021,2021-08-30,505,0.24882377860730062,3.4918323810399463,0.24702846603229203,3.6349324145456827,0.23884121075070885,4.160625856102301
2021,2021-09-07,505,0.21558807252621184,3.92451326054703,0.2543919312430857,3.603230465449292,0.24207812830558867,4.105444841500442
2021,2021-09-14,505,0.20985270933371478,4.010265093734488,0.22614358429740986,3.8492452275684044,0.24422196512425423,4.069696726038153
2021,2021-09-21,505,0.32084388483703696,2.81847585991624,0.2379452966705519,3.7191381318896655,0.23076466782970284,4.305002428844325
2021,2021-09-28,505,0.1991424665376455,4.1808581854400195,0.24122522416125963,3.641826433918305,0.23312326696295288,4.261814612302932
2021,2021-10-05,505,0.21684402882689768,3.906222116508353,0.268069419753765,3.410678322403789,0.2560123198920395,3.8837128926239086
2021,2021-10-12,505,0.20607151189035938,4.068879020883575,0.28007104562226226,3.194660400848389,0.2442739834442841,4.068837063847327
2021,2021-10-19,505,0.2255206688968641,3.784372001684669,0.21835421119654494,3.919280255612655,0.2275169098808803,4.365924183486347
2021,2021-10-26,505,0.2234985113670116,3.812085737374456,0.23332946114910108,3.714264049711024,0.22832757994626066,4.3505566448994255
2021,2021-11-02,505,0.22908715027970647,3.73646289629154,0.2225619775592605,3.90891181630343,0.22676469395852877,4.380281056116616
2021,2021-11-09,505,0.2299429872346525,3.725146226604534,0.2033991211073476,4.143911359595468,0.2145728894582408,4.62688368839245
2021,2021-11-16,505,0.2047162384992381,4.090306999264777,0.2037839818167793,4.229748090264652,0.20498824633202894,4.841149139520998
2021,2021-11-23,505,0.1336295696892757,5.651374893004814,0.21398785316793675,4.003233956560225,0.19992033083984762,4.9626647067777085
2021,2021-12-01,505,0.17395566200388174,4.64559069843584,0.24535461339725773,3.6246223201636063,0.25403212919195484,3.91375197008969
2021,2021-12-08,505,0.16286702537708744,4.88463292951318,0.26961161000563416,3.3555210181439703,0.2841289669390237,3.5020561738193554
2021,2021-12-15,505,0.18958106893053275,4.345898482881858,0.2643682378971274,3.3385273602618484,0.27928317174002737,3.5623911188011834
2021,2021-12-22,505,0.22054589085126977,3.8532884125593285,0.291449202178449,3.1084245353421456,0.27791983017293403,3.57974262729658
2021,2021-12-30,505,0.22151662090733557,3.839644321958902,0.26832364776654416,3.313800896002758,0.27454310453185204,3.623455532719307
2022,2022-01-03,508,0.21519623218364103,3.930254944407054,0.27541099999755037,3.2435200851579724,0.27485299630079235,3.6195105236831426
2022,2022-01-10,508,0.19373509801938943,4.272621573287688,0.2818460389306923,3.1966138042314243,0.2655229771601828,3.7457560854470513
2022,2022-01-18,508,0.19686605792719677,4.219004204342738,0.21717843877698934,4.033814503266561,0.25326658090417475,3.925624666301741
2022,2022-01-25,508,0.19382001459252957,4.271149412458387,0.271166843745853,3.285623621675562,0.27492848703849276,3.61852374629971
2022,2022-02-01,508,0.21971670986944392,3.8650199842283293,0.2975094853692134,3.034890655855637,0.2951508676460626,3.3722449263403207
2022,2022-02-08,508,0.22769559931770664,3.755010789399837,0.27123266958727915,3.3372309110948093,0.2990269156725075,3.3288196320181176
2022,2022-02-15,509,0.24923202747683668,3.487109928277073,0.3120372106191816,2.9377939503625967,0.31684060783026796,3.142847763612304
2022,2022-02-23,509,0.27919435363134165,3.172240248877116,0.3310130277970137,2.824496922956004,0.31568050227096306,3.1543259520887648
2022,2022-03-02,509,0.2350688896074756,3.6587760327081513,0.29579794477665816,3.0578134907973586,0.2975225483533202,3.345570748356431
2022,2022-03-09,509,0.2710733762634927,3.251824113293802,0.27338633758572073,3.297450318899031,0.301458712872982,3.302170828546517
2022,2022-03-16,509,0.31458649510738756,2.866502640581929,0.29520821280174436,3.099432698475418,0.31278540768158236,3.1833393230428366
2022,2022-03-23,509,0.2942566252748492,3.034498049040173,0.30465141718382555,2.9852133844697084,0.3082295024417964,3.2300933059944774
2022,2022-03-30,509,0.22037148333903386,3.85575007888766,0.30414007316112146,3.0510338818027223,0.3093436272594964,3.218533438083569
2022,2022-04-06,509,0.2807640492777877,3.157304684980698,0.3532366935651351,2.64605652413155,0.3143890886895833,3.1672023282832003
2022,2022-04-13,511,0.3715919529657712,2.4813135051708923,0.3501083156164395,2.649597122280511,0.31634971863402084,3.1477465400449156
2022,2022-04-21,511,0.43994907498584335,2.1369730429772282,0.3112049897047443,2.940982469385754,0.30982492797271416,3.213619947386227
2022,2022-04-28,511,0.353268495750774,2.5933268914281027,0.34004964752979794,2.7173303710776353,0.33724255840754436,2.953864712167818
2022,2022-05-05,511,0.3919473991992515,2.3677043465609295,0.367325357997888,2.5340505546338234,0.3712282965451564,2.684860934322481
2022,2022-05-12,511,0.46518953491449233,2.032809305702006,0.3818424033926572,2.4562965797105045,0.38479858754440355,2.5906567680569728
2022,2022-05-19,511,0.4338650708744248,2.1636974876043937,0.34699037746171946,2.674634778204449,0.4103243145879021,2.4302619400581253
2022,2022-05-26,511,0.4837572882611771,1.9624411379479845,0.40144403497519365,2.3498729623802355,0.39224521746519375,2.541718745509234
2022,2022-06-03,511,0.5451286687783798,1.7609594866039247,0.43418004269152455,2.1926692522092597,0.4091680909523738,2.4370966005859254
2022,2022-06-10,511,0.4835580300796476,1.963170418124107,0.43400006991184814,2.180555940428074,0.4341115084359966,2.2976942148644777
2022,2022-06-17,511,0.5516840743484187,1.7418572118835212,0.4774045111966611,2.0015619528377986,0.472354171452883,2.112437679082484
2022,2022-06-27,511,0.4550874630443336,2.073256056771202,0.47019194164865574,2.0209841567404077,0.4797325222097795,2.0800803555795997
2022,2022-07-05,511,0.37922200159186403,2.437473315916482,0.5035738913602807,1.9031197223550582,0.4892055890375559,2.0399620956891624
2022,2022-07-12,511,0.42757377739140195,2.1920446430938365,0.4858591736526294,1.9811853091997904,0.4858573935329014,2.0539636073765752
2022,2022-07-19,511,0.47427007643301355,1.9977761849836102,0.48631554546151146,1.9692398555891633,0.4850787314272024,2.0572474140819015
2022,2022-07-26,511,0.4872779321408962,1.9496444447248935,0.47011963292344544,2.0282956607580465,0.484618432289283,2.059193549837144
2022,2022-08-02,511,0.5083072047707226,1.8765533949536741,0.46300918917176703,2.0628284310723517,0.46166794422839336,2.1611274768593236
2022,2022-08-09,511,0.47559452742341857,1.992767048526898,0.45465739686007123,2.093842643145195,0.44475879845749094,2.242930068339697
2022,2022-08-16,511,0.3721937006903059,2.477798825543382,0.4338420641101024,2.195609663021597,0.4221671436407456,2.3624022807130096
2022,2022-08-23,511,0.48238319623809855,1.9674813253194092,0.43347623460440127,2.1892695203134473,0.4450742007724133,2.2413475851798457
2022,2022-08-30,511,0.4761217479224174,1.990780058404429,0.46127132893709,2.0623502886501273,0.45206548724841067,2.2068343773728105
2022,2022-09-07,511,0.46265236587342595,2.0428185072085894,0.45537559127094607,2.1003257051245576,0.4383925835081124,2.275356242351047
2022,2022-09-14,511,0.40465762720019355,2.3018946539658676,0.4206499673641745,2.2592685317222427,0.41933870765012815,2.3782625031024036
2022,2022-09-21,511,0.44171570799790943,2.129336211091395,0.44294826822278965,2.14729090747418,0.4250769271420997,2.3463051562774524
2022,2022-09-28,511,0.5394091345000354,1.7779716074220342,0.41837141220409235,2.263041144355978,0.4193254904742023,2.378337117244336
2022,2022-10-05,511,0.4330933219701031,2.167135300164936,0.46162255636166966,2.0594250684303828,0.48004921272749135,2.078713699848942
2022,2022-10-12,511,0.5876415094195916,1.6440353312867542,0.4728718462057368,2.0170986877988666,0.4865325231336419,2.0511248957523978
2022,2022-10-19,511,0.4389777878302302,2.1411951237771536,0.47752317777460584,1.997133488275002,0.4993450126351768,1.9987017712780502
2022,2022-10-26,511,0.3921679971274023,2.366530085834482,0.49930183959491536,1.9134116935254208,0.5149885269722875,1.9382186269310449
2022,2022-11-02,511,0.3989959125248873,2.330751778453313,0.5012728479052722,1.9068634219028138,0.5147248721803157,1.9392076627644508
2022,2022-11-09,511,0.38849756808073377,2.3862208744059945,0.5143879958135054,1.8583664255445385,0.5049309831327857,1.9766759861994712
2022,2022-11-16,511,0.43499214423341004,2.158696406485381,0.4944940928057183,1.9369296814235373,0.5167912723378117,1.9314830109421144
2022,2022-11-23,511,0.4485415449617984,2.100335250894556,0.5008525569718012,1.924787229683465,0.504511893817097,1.978311619911149
2022,2022-12-01,511,0.4241368407014155,2.2078466936270646,0.49560016942839075,1.9407517719212954,0.5003908046895935,1.9945408877906534
2022,2022-12-08,511,0.41997225675941163,2.227302233747544,0.49213428080233823,1.9457526551465876,0.4949728380960777,2.0162869629446094
2022,2022-12-15,511,0.5115625304279201,1.8657259291716266,0.4867181752246161,1.959902669553865,0.4774052312915858,2.0901790108097598
2022,2022-12-22,511,0.5192003724829576,1.8408058107183694,0.4755922886043142,2.0171787752841306,0.4781515531097554,2.086929883307603
2022,2022-12-30,511,0.5253152965180315,1.821329301416712,0.4508179977352455,2.1179190875852862,0.4638480676731975,2.1510127599332405
2023,2023-01-03,512,0.5389530358040694,1.7793423843343958,0.4713442421445593,2.026668307385401,0.45032377774507604,2.215343020349452
2023,2023-01-10,512,0.33742990568705744,2.6986298837833673,0.47012170601279185,2.0191644257274137,0.44755694152601305,2.228978842201888
2023,2023-01-18,512,0.30326632080368715,2.95767853556783,0.4279349091944281,2.205370658551071,0.4188561783987026,2.3810021273133453
2023,2023-01-25,513,0.3515868853279191,2.604115526574481,0.42357399243628546,2.2345372871790947,0.42494523000156365,2.3470531410136966
2023,2023-02-01,513,0.30025220709784145,2.982941185097436,0.41230517932382627,2.2932122953757466,0.4207521555267311,2.3703350091852906
2023,2023-02-08,513,0.3225568040793328,2.805608133321269,0.33992096009782974,2.729854656944721,0.3476579299909145,2.8659080160552652
2023,2023-02-15,513,0.2699928831891465,3.2627147116388193,0.3803917366120991,2.450131402757285,0.3568451833336902,2.79252466282021
2023,2023-02-23,513,0.45802904691409624,2.0613133765142355,0.37069445707816356,2.5020437331940384,0.3622152142032179,2.7513460593313064
2023,2023-03-02,513,0.4525111155689258,2.083830154082163,0.34812983427581906,2.6386439386953366,0.3358148602241291,2.966394592830178
2023,2023-03-09,513,0.45393959642256576,2.077953958155361,0.3334583423106795,2.7600927639791735,0.3355641409087784,2.9685981317198755
2023,2023-03-16,513,0.3905650181575447,2.3750894881040576,0.32538505769682424,2.8179590715954053,0.3278712392247793,3.0378384185019054
2023,2023-03-23,513,0.3641457985155548,2.525644710744914,0.34494086717228073,2.661605018078595,0.34513311245032274,2.886755557812649
2023,2023-03-30,513,0.2889740133071983,3.081423731971403,0.3312542159685292,2.8355979507485785,0.3310636707117396,3.008716490886225
2023,2023-04-06,513,0.3863771621889028,2.397746286834468,0.3003118262273793,3.029822946978067,0.31296523557667905,3.1816281628204264
2023,2023-04-14,513,0.3762994481513844,2.45408122155971,0.3287097013542585,2.8217240851064243,0.320508423984338,3.107201860674139
2023,2023-04-21,513,0.4308252550548129,2.1773020979627296,0.31441631583284735,2.923739826956879,0.29582829949865685,3.364726751129231
2023,2023-04-28,513,0.34248669984941804,2.6640923374966112,0.30876111334933265,2.9536188637402097,0.30965196559808744,3.2154581399067483
2023,2023-05-05,513,0.26660615435373974,3.297328195080611,0.31770924724724603,2.87345409051244,0.30544183698700783,3.25949754844176
2023,2023-05-12,513,0.26434154353812617,3.320885918318009,0.30624501964371353,2.991650639763367,0.30830938396264274,3.229372212421065
2023,2023-05-19,513,0.2928137753009246,3.047172486189456,0.3029283503458604,3.0235608878288898,0.3040905961051528,3.2738888462793896
2023,2023-05-26,513,0.3177259239815673,2.8422040072706385,0.3139072569886927,2.9214353005933007,0.3030199668489423,3.285382060841887
2023,2023-06-05,513,0.11408025323807325,6.314078401924556,0.35473570789088177,2.6125004832739647,0.29980657493193336,3.32036758131058
2023,2023-06-12,513,0.09905801749473903,6.939378860758634,0.2846001679686399,3.1717070365769113,0.27009031664737126,3.6830629657257234
2023,2023-06-20,513,0.11581612048257361,6.249011310392882,0.2193430148466669,3.906516632599871,0.23255921349382613,4.272496412918494
2023,2023-06-27,513,0.11069792919262639,6.444834071533021,0.24054642647804872,3.6396308116383294,0.2321235145717149,4.280449030852684
2023,2023-07-05,513,0.13746035745685062,5.537486749090771,0.2553713449195404,3.5448510311107873,0.23715896575280326,4.190307239778311
2023,2023-07-12,513,0.10566032524112605,6.64993945422434,0.23187574028943975,3.8106450865573107,0.23896804961948678,4.158842105026652
2023,2023-07-19,513,0.13579965747058198,5.5862902507977825,0.23176638025176927,3.818476061038558,0.23810609968319255,4.17377472714195
2023,2023-07-26,513,0.16207747623004212,4.902595179684417,0.202047893581308,4.225098905426028,0.20936367352822904,4.741474089984155
2023,2023-08-02,513,0.23270375093842113,3.6891035518409256,0.1784413389518028,4.630502301564076,0.20054844193728033,4.947878380172383
2023,2023-08-09,513,0.2692348157133654,3.270399135818153,0.18389524283702746,4.499701202391142,0.19186275096141506,5.169613273576563
2023,2023-08-16,513,0.25305992529458876,3.4434440092067535,0.1901336856402352,4.3987384510709076,0.18650912858925134,5.316465795764764
2023,2023-08-23,513,0.2652666705129461,3.3112216903817075,0.17530233954715504,4.705072885488468,0.18281150646939553,5.422862141047616
2023,2023-08-30,513,0.18356204129838857,4.45664695706902,0.2040502803435496,4.212902464204584,0.19919237395498585,4.981235623990901
2023,2023-09-07,513,0.16870103657530383,4.755880991428224,0.19716611768412326,4.234351547354466,0.19029099531497257,5.211879163630082
2023,2023-09-14,513,0.1767058937703106,4.589880434599486,0.1754065519611626,4.660176735798918,0.17296088787662384,5.728261038220711
2023,2023-09-21,513,0.2481127049689433,3.500088398156504,0.17441480390506836,4.717225981344697,0.17513584227236872,5.657908227896336
2023,2023-09-28,513,0.22183814933304166,3.835146358551988,0.208107183028213,4.07424629554066,0.1876502925584284,5.284467642526733
2023,2023-10-05,513,0.24766642430022712,3.505289970507977,0.20484873476510979,4.166540506551721,0.19730062602721593,5.028528295375197
2023,2023-10-12,513,0.22586176110054235,3.7797369903577525,0.20121862151466902,4.182511282999245,0.1945957934185272,5.097729018617451
2023,2023-10-19,513,0.2902662632533229,3.0698110323228107,0.22192450408698233,3.882170782574761,0.22375526762767456,4.439148732288427
2023,2023-10-26,513,0.3229432274653103,2.8027214844404256,0.255955564993191,3.4497754712132846,0.24239327464144045,4.10054384460049
2023,2023-11-02,513,0.22875348953521374,3.7408935187068275,0.24802713090670564,3.5329139076290543,0.2529486831842177,3.9307415358775635
2023,2023-11-09,513,0.17896084707406437,4.5451900005138866,0.2707454097290444,3.315616354960016,0.27292138867168547,3.6451292323039772
2023,2023-11-16,513,0.1675249559391808,4.781287003312481,0.2889646989756994,3.108523447975436,0.2925231817685682,3.4024914805368187
2023,2023-11-24,513,0.22254729483096813,3.825263053424986,0.31252951018315694,2.9051594366974944,0.28579102366602055,3.4820973063919674
2023,2023-12-01,513,0.19173128267915415,4.3076577673909435,0.2746443041786201,3.2770358863557627,0.2796837370713999,3.5576064781817776
2023,2023-12-08,513,0.15344795120489318,5.107890037257135,0.2697762556478237,3.2948050026298263,0.2867064320922762,3.471054743840351
2023,2023-12-15,513,0.14845836531245404,5.234630616771636,0.2726798158371887,3.2771725636590667,0.2812364461030351,3.5381003654101777
2023,2023-12-22,513,0.18036957602371362,4.517709704391858,0.28808643388522787,3.114992645017707,0.2865029590316441,3.4735031793958773
2024,2024-01-02,514,0.3078724187491191,2.919888782574864,0.2911053854020105,3.083929294461337,0.27767043371097694,3.583256592368384
2024,2024-01-09,514,0.33955795376289083,2.6839869276292716,0.29837483337234666,3.0515094699158984,0.2827899733623277,3.518830555011006
2024,2024-01-17,514,0.39296072942759613,2.3623199035598756,0.25833025552654626,3.457524293378514,0.26212694460523595,3.7941665367616206
2024,2024-01-24,514,0.3049335889350923,2.943887362354576,0.21764642654941418,3.9547071069803437,0.2563846055026451,3.8785046313967015
2024,2024-01-31,514,0.3494623877731369,2.61787459168481,0.22729917515710496,3.820059179407083,0.23760308080541293,4.182589378473298
2024,2024-02-07,514,0.2504076863960546,3.473581477154324,0.23570985501378416,3.6806773133263286,0.24135746852753848,4.118049204932705
2024,2024-02-14,514,0.2335635985108595,3.678019973278575,0.21992930640370795,3.9227070794380388,0.21329977919885648,4.65483633610333
2024,2024-02-22,514,0.18857467579425455,4.364031024298826,0.2402615226971027,3.679932828843276,0.2132425187000279,4.656074943733533
2024,2024-02-29,514,0.17029906283142332,4.721789568936276,0.2058344133092321,4.154031951980219,0.20611416562128734,4.815594267470751
2024,2024-03-07,514,0.15450446249485278,5.081836901092806,0.21740373643746408,3.944027272667248,0.19959018572149526,4.971478546568044
2024,2024-03-14,514,0.142402293442716,5.397173147657219,0.18304378123482407,4.610688165604332,0.1862742992229665,5.3231859737471785
2024,2024-03-21,514,0.14118898228226187,5.430959296935765,0.1462593082611415,5.405476955347494,0.1661548833131157,5.960287199660228
2024,2024-03-28,514,0.14012690503204595,5.460883262911448,0.16274803283244624,4.981626457805669,0.17370440284543717,5.704116681424586
2024,2024-04-05,514,0.17666511085978287,4.590696794762621,0.16449104707837287,4.964062871290788,0.1800310230295666,5.505810756856248
2024,2024-04-12,514,0.1805208857123453,4.5147778321094965,0.20519218234548026,4.1524959270196495,0.1897808161655788,5.225831210437356
2024,2024-04-19,514,0.21957542462980156,3.8670260688165947,0.2115637317202451,4.036132862879891,0.20058846519001655,4.946974847112731
2024,2024-04-26,514,0.1382087955304082,5.515769825058415,0.20775459970578117,4.11572606818916,0.19735913279166992,5.027129131113576
2024,2024-05-03,514,0.11865143483475862,6.145568995454049,0.2020429220307262,4.19758076180344,0.1905270475470387,5.205570648899581
2024,2024-05-10,515,0.13456660067442666,5.623086619079563,0.20081317288747283,4.240726631985637,0.20033040875480596,4.953360022852892
2024,2024-05-17,515,0.13808830739816638,5.519254437055787,0.1957403790192282,4.349090973194038,0.18087340742344457,5.480534813384361
2024,2024-05-24,515,0.14604233691160845,5.298287771679849,0.16416302196440302,4.929696535719608,0.1871939237700073,5.297390524619002
2024,2024-06-03,515,0.14212913260931886,5.404742930614054,0.2062316826972502,4.141848146440181,0.21226949247221555,4.677288902290975
2024,2024-06-10,515,0.2012465291085644,4.146208536875733,0.20039663462823118,4.220245674072231,0.2110240930150505,4.7046406584063645
2024,2024-06-17,515,0.18886588346101243,4.358768694502183,0.21757571510070833,4.071830120871246,0.20534973422920477,4.833422277030723
2024,2024-06-25,515,0.12545383736278412,5.910824146959408,0.18972785424011077,4.431358926421204,0.1902719841082176,5.212561167914014
2024,2024-07-02,515,0.12751289301271193,5.843263284707562,0.17779338104557002,4.63517458413495,0.18659414036295688,5.314242612089816
2024,2024-07-10,515,0.11834228264084466,6.156681314729905,0.14939111029235036,5.320407726397086,0.16930740367372837,5.850676723277198
2024,2024-07-17,515,0.16156291133082118,4.914372809404393,0.16836331377394503,4.897853614996736,0.16866870804516196,5.872578774320804
2024,2024-07-24,515,0.17017321453882697,4.724456608302674,0.17982403698587573,4.625282901309838,0.17306027149803666,5.72521335676037
2024,2024-07-31,515,0.16383793322181844,4.862724401229579,0.14942967910185073,5.33167844295955,0.1688082418155679,5.8677799164550715
2024,2024-08-07,515,0.1706800744635719,4.71373330889412,0.19736620721640505,4.3404697095035,0.20102410218816855,4.936430823328828
2024,2024-08-14,515,0.1683826295696739,4.7627326134835375,0.24169053931799817,3.611928355994582,0.21599646127665106,4.597303810374354
2024,2024-08-21,515,0.1520173019512752,5.143598021768343,0.1972734086704058,4.346955614681717,0.2154511824000795,4.608834861987757
2024,2024-08-28,515,0.18283954313387019,4.470321327063647,0.20322369447829775,4.154089321901205,0.2113408806642164,4.697653002312361
2024,2024-09-05,515,0.20036884662933294,4.16059212765334,0.2022948729686699,4.257087407896741,0.2102507966687556,4.721785542908425
2024,2024-09-12,515,0.20851053998715136,4.030876303072777,0.2133411887037071,4.028829497945118,0.22109421274254648,4.4922287576279665
2024,2024-09-19,515,0.20365385103044642,4.107262668184019,0.21814341262659337,4.045747819975461,0.22595920657787277,4.396334894286724
2024,2024-09-26,515,0.135258463572911,5.602380865041081,0.20733476133917045,4.095927446502894,0.22502196802214972,4.414489100012988
2024,2024-10-03,515,0.17657374446151572,4.592526749780402,0.22089785094154446,3.9895467004060783,0.21780282192398992,4.5595133614716135
2024,2024-10-10,515,0.1753902612562679,4.616362967719712,0.23808832398517682,3.7128938973092067,0.21806051452583117,4.554172813265658
2024,2024-10-17,515,0.21339411943538578,3.9568792990549966,0.22370793695373284,3.9707736042490596,0.21812521466010149,4.55283390018447
2024,2024-10-24,515,0.2389300811443193,3.610322353825075,0.23813310761390719,3.6593249497035267,0.22312883439503156,4.451620018760944
2024,2024-10-31,515,0.26113958211365323,3.3547747835966812,0.2229050470326392,3.8449357947898903,0.2266111025589135,4.383795537734938
2024,2024-11-07,515,0.1484833660058701,5.233979897377179,0.19077277224349165,4.46716285487364,0.17266253700445125,5.7382546493855395
2024,2024-11-14,515,0.11589583830353513,6.246055366648211,0.16136030251483224,5.138407308170813,0.15810658173740624,6.260120806212279
2024,2024-11-21,515,0.09520994548102503,7.119999492816424,0.15377585463549603,5.275576370315889,0.15024353195861995,6.583558262293359
2024,2024-11-29,515,0.14711998830902173,5.2697037295145135,0.16615439372685364,4.912340744647939,0.1500676058957797,6.5911774691047444
2024,2024-12-06,515,0.04951675794705591,10.304931151598861,0.13776885533043334,5.64717830699086,0.13851257530967545,7.133412177731659
2024,2024-12-13,515,0.11748304748545983,6.18777821178717,0.1559821944433441,5.195616089488814,0.13280700835175907,7.435448508463023
2024,2024-12-20,515,0.12492537802028506,5.928416418733354,0.16383449237506417,4.958584453514733,0.1738124729856131,5.700710835988317
2024,2024-12-30,515,0.1339333677646208,5.6421723238952,0.1872614032815084,4.528018802903451,0.19037840860667218,5.209676741640518
2025,2025-01-02,516,0.13576435259678443,5.587337106059913,0.20308684085470757,4.166862044326132,0.19545874957554152,5.075679960521085
2025,2025-01-10,516,0.13527817980684503,5.60179304111722,0.17981073196562214,4.600633835609101,0.18594869245898865,5.332585028824335
2025,2025-01-17,516,0.1106356453576257,6.447292672661489,0.2353042668858652,3.799576286241937,0.20516511520258676,4.837800805564683
2025,2025-01-27,516,0.1750360062953615,4.623546113624807,0.22887727620461512,3.858880722003891,0.21814085286045584,4.552571378202169
2025,2025-02-03,516,0.18791489620715543,4.3760008467019595,0.1940750475352502,4.364924874221532,0.2096838002467045,4.7345027946592655
2025,2025-02-10,516,0.1848609718901072,4.4322719817335265,0.2030434741576236,4.187219850259968,0.21108698643521318,4.703317382222503
2025,2025-02-18,516,0.1442584989862392,5.346290630766683,0.20275017918902954,4.175504605652217,0.20696441753802217,4.796132976933559
2025,2025-02-25,516,0.22692413738163297,3.76537311692298,0.18545045619750292,4.483521710216946,0.19495862032121353,5.088572247422394
2025,2025-03-04,516,0.2769738227372715,3.1936114322377094,0.20226674009538925,4.23047145525701,0.19641161044392924,5.051297127463971
2025,2025-03-11,516,0.30421819625158225,2.949789104842523,0.212785118070599,4.057230534660969,0.21593713212813684,4.598618043878422
2025,2025-03-18,516,0.29197883792650065,3.054555310591909,0.22003643639694292,3.93391514086059,0.207310298599454,4.788205257252079
2025,2025-03-25,516,0.2609732626474477,3.356553979186935,0.22216085303369754,3.885153160437702,0.20836577421656688,4.764174571826463
2025,2025-04-01,518,0.3518430702662039,2.6024661397049726,0.18543986728101639,4.629863148705619,0.2055766395189598,4.828345664212257
2025,2025-04-08,518,0.4736512829474035,2.0001251326284644,0.3101925031683511,2.9255762947632262,0.3240446708259148,3.07361677417736
2025,2025-04-15,518,0.40704637680955336,2.28993269258272,0.40549931792005456,2.344499643239927,0.43211657321593294,2.3083339893784696
2025,2025-04-23,518,0.4541301678280465,2.0771725286002507,0.44291445428224313,2.13888717864111,0.4467050486465604,2.233273523556798
2025,2025-04-30,518,0.4697925871275699,2.0148983284138033,0.4533133048457569,2.108680939656359,0.46010383719358416,2.168510116713548
2025,2025-05-07,518,0.35369122559580357,2.5906288477478894,0.4158251837902305,2.2997771919933556,0.4654331643303157,2.143782889688975
2025,2025-05-14,518,0.29072574326371203,3.0657030179780422,0.42910265702456957,2.2149768839447916,0.46002109756151727,2.168898512985144
2025,2025-05-21,518,0.4160274193100139,2.246050076625809,0.41422411859169317,2.272853647308591,0.46909209723509826,2.127129982616231
2025,2025-05-29,518,0.4376716985593593,2.1468989240703675,0.49965650930636274,1.9424400917857032,0.4885896651061719,2.0425798493503673
2025,2025-06-05,518,0.44933184855645414,2.0970284312981193,0.5281508547274661,1.8338073941848507,0.4952367478862862,2.0152709399724933
2025,2025-06-12,518,0.41595029771058306,2.24641974302338,0.47907560114957104,1.9989256041656553,0.4975823876110058,2.005807592108472
2025,2025-06-20,518,0.43314916035090517,2.166886197398295,0.5069031485318536,1.9071208197629042,0.49478851354415954,2.017089486928228
2025,2025-06-27,518,0.37783804842399094,2.445309754779237,0.5094822618277391,1.8888005442850482,0.49821568437888347,2.0032678107082007
2025,2025-07-07,518,0.3472169766001854,2.6325756698205187,0.43393402922869306,2.188444646100597,0.4401255864619516,2.2665127775000045
2025,2025-07-14,518,0.24544967943044388,3.5313578071828253,0.2673663288463417,3.378229837685602,0.28057431575198993,3.5465625017209783
2025,2025-07-21,518,0.17859640938189278,4.552353659923102,0.2284648018736583,3.9423831721443676,0.23296211548712106,4.265431241194598
2025,2025-07-28,518,0.14523261301767043,5.319970068830648,0.23715799526050657,3.7540101445226597,0.2222757511870412,4.468731516605794
2025,2025-08-04,518,0.13884065333154502,5.4975678009228135,0.21895778067828459,4.012755869224194,0.2135185084065821,4.6503665518132005
2025,2025-08-11,518,0.11146856029868772,6.4145684688848705,0.2095583870185847,4.202238663231544,0.19734168433363344,5.027874087426235
2025,2025-08-18,518,0.10418269890917962,6.712600366085951,0.19725665740514556,4.270391929309346,0.194660533736286,5.0964440073308435
2025,2025-08-25,518,0.1359890515243535,5.580681054425695,0.15447259556617662,5.274053688349254,0.16788684845542814,5.899940159531268
2025,2025-09-02,518,0.17380562794863813,4.648668800400808,0.18716772382677097,4.62128165756328,0.16776655713709127,5.904122294257194
2025,2025-09-09,518,0.0991677516328909,6.934362456827971,0.1520751798293002,5.394964550863383,0.1666117694164706,5.944574204764018
2025,2025-09-16,518,0.08124615199061191,7.862633849351736,0.1525017978254392,5.200242871371687,0.16361512505295275,6.052178212858132
2025,2025-09-23,518,0.09610465556667924,7.077169745398864,0.15883714192017656,5.103822248078933,0.15260077817256196,6.483541878790427
2025,2025-09-30,518,0.11117013854623818,6.426254834528545,0.14991146458041782,5.4456786193499465,0.15612277974624428,6.339068413973469
2025,2025-10-07,518,0.09463118699705622,7.147981855404102,0.12433580121284249,6.045477679862286,0.14602134755417562,6.771858229784886
2025,2025-10-14,518,0.10736096147248535,6.579254108879351,0.1500342593637051,5.443491357153747,0.15359223575462452,6.442210286278973
2025,2025-10-21,518,0.10965869572017725,6.486103872235732,0.15812127298047113,5.130764571136312,0.1603641726617012,6.17340764078923
2025,2025-10-28,518,0.10668089070365178,6.607339533767799,0.16224855826400142,5.047934362484955,0.15948816780605812,6.206909403509047
2025,2025-11-04,518,0.1269927118275287,5.860185025122872,0.17969274616656888,4.623724736679768,0.1599363725333949,6.189723046069556
2025,2025-11-11,518,0.16025342480820262,4.9446018290512015,0.14305360997865818,5.51398977464247,0.14989620387515043,6.599034007632757
2025,2025-11-18,517,0.22099756190021755,3.846927910115006,0.1622421901309014,4.981517478892098,0.1589533646168664,6.227419870738265
2025,2025-11-25,517,0.2400034558044455,3.5970798227905747,0.15482715950859588,5.257865276040206,0.15920359004312792,6.217749748076746
2025,2025-12-03,517,0.22270376870768094,3.823089145336128,0.16792761850022545,4.838535283304138,0.1693470769313171,5.849535132522691
2025,2025-12-10,517,0.22969617382027038,3.7284027823283266,0.14548076069188998,5.457727676192524,0.163716189495799,6.048371497991814
2025,2025-12-17,517,0.28303126381435284,3.135978859878171,0.19262153140934338,4.373790742168786,0.16994614748482725,5.829147652833723
2025,2025-12-24,517,0.21578659985616402,3.9216106138542792,0.17613278679537112,4.650138439855672,0.1696341430443987,5.839747975728059
